brand,series,pencil_color,code,order,english,japanese,pencil_name
4,1,#FFFFFF,101,1,white,,"{""ja"":"""", ""en"": ""white""}"
4,1,#FFF4D8,103,2,ivory,,"{""ja"":"""", ""en"": ""ivory""}"
4,1,#FFF1B6,102,3,cream,,"{""ja"":"""", ""en"": ""cream""}"
4,1,#F3EF6F,104,4,light yellow glaze,,"{""ja"":"""", ""en"": ""light yellow glaze""}"
4,1,#EBEA64,205,5,cadmium yellow lemon,,"{""ja"":"""", ""en"": ""cadmium yellow lemon""}"
4,1,#FFE73E,105,6,light cadmium yellow,,"{""ja"":"""", ""en"": ""light cadmium yellow""}"
4,1,#FFDE45,106,7,light chrome yellow,,"{""ja"":"""", ""en"": ""light chrome yellow""}"
4,1,#FFD530,107,8,cadmium yellow,,"{""ja"":"""", ""en"": ""cadmium yellow""}"
4,1,#FFC220,108,9,dark cadmium yellow,,"{""ja"":"""", ""en"": ""dark cadmium yellow""}"
4,1,#FAA632,109,10,dark chrome yellow,,"{""ja"":"""", ""en"": ""dark chrome yellow""}"
4,1,#F78F26,111,11,cadmium orange,,"{""ja"":"""", ""en"": ""cadmium orange""}"
4,1,#F48034,113,12,orange glaze,,"{""ja"":"""", ""en"": ""orange glaze""}"
4,1,#F47933,115,13,dark cadmium orange,,"{""ja"":"""", ""en"": ""dark cadmium orange""}"
4,1,#F05544,117,14,light cadmium red,,"{""ja"":"""", ""en"": ""light cadmium red""}"
4,1,#E84D47,118,15,scarlet red,,"{""ja"":"""", ""en"": ""scarlet red""}"
4,1,#EF4650,121,16,pale geranium lake,,"{""ja"":"""", ""en"": ""pale geranium lake""}"
4,1,#E8495E,219,17,deep scarlet red,,"{""ja"":"""", ""en"": ""deep scarlet red""}"
4,1,#E42F44,223,18,deep red,,"{""ja"":"""", ""en"": ""deep red""}"
4,1,#BC454F,217,19,middle cadmium red,,"{""ja"":"""", ""en"": ""middle cadmium red""}"
4,1,#D82C4A,126,20,permanent carmine,,"{""ja"":"""", ""en"": ""permanent carmine""}"
4,1,#A63055,225,21,dark red,,"{""ja"":"""", ""en"": ""dark red""}"
4,1,#934E67,133,22,magenta,,"{""ja"":"""", ""en"": ""magenta""}"
4,1,#CD3F5C,142,23,madder,,"{""ja"":"""", ""en"": ""madder""}"
4,1,#DF2D5D,226,24,alizarin crimson,,"{""ja"":"""", ""en"": ""alizarin crimson""}"
4,1,#E85274,127,25,pink carmine,,"{""ja"":"""", ""en"": ""pink carmine""}"
4,1,#E95C72,124,26,rose carmine,,"{""ja"":"""", ""en"": ""rose carmine""}"
4,1,#EF4C86,123,27,fuchsia,,"{""ja"":"""", ""en"": ""fuchsia""}"
4,1,#C3408B,125,28,middle purple pink,,"{""ja"":"""", ""en"": ""middle purple pink""}"
4,1,#F06D98,128,29,light purple pink,,"{""ja"":"""", ""en"": ""light purple pink""}"
4,1,#F389B2,129,30,pink madder lake,,"{""ja"":"""", ""en"": ""pink madder lake""}"
4,1,#D786B9,119,31,light magenta,,"{""ja"":"""", ""en"": ""light magenta""}"
4,1,#AB68A1,135,32,light red-violet,,"{""ja"":"""", ""en"": ""light red-violet""}"
4,1,#88496D,194,33,red-violet,,"{""ja"":"""", ""en"": ""red-violet""}"
4,1,#A14D9D,134,34,crimson,,"{""ja"":"""", ""en"": ""crimson""}"
4,1,#9A69AD,160,35,manganese violet,,"{""ja"":"""", ""en"": ""manganese violet""}"
4,1,#8A6BAF,138,36,violet,,"{""ja"":"""", ""en"": ""violet""}"
4,1,#7358A0,136,37,purple violet,,"{""ja"":"""", ""en"": ""purple violet""}"
4,1,#59529E,137,38,blue violet,,"{""ja"":"""", ""en"": ""blue violet""}"
4,1,#6157A1,249,39,mauve,,"{""ja"":"""", ""en"": ""mauve""}"
4,1,#484F9F,141,40,Delft blue,,"{""ja"":"""", ""en"": ""Delft blue""}"
4,1,#3E4A5B,157,41,dark indigo,,"{""ja"":"""", ""en"": ""dark indigo""}"
4,1,#445E98,247,42,indanthrene blue,,"{""ja"":"""", ""en"": ""indanthrene blue""}"
4,1,#1770B8,151,43,helioblue-reddish,,"{""ja"":"""", ""en"": ""helioblue-reddish""}"
4,1,#056AB5,143,44,cobalt blue,,"{""ja"":"""", ""en"": ""cobalt blue""}"
4,1,#506DB4,120,45,ultramarine,,"{""ja"":"""", ""en"": ""ultramarine""}"
4,1,#659AD2,140,46,light ultramarine,,"{""ja"":"""", ""en"": ""light ultramarine""}"
4,1,#86B2DF,146,47,sky blue,,"{""ja"":"""", ""en"": ""sky blue""}"
4,1,#156DB6,144,48,cobalt blue-greenish,,"{""ja"":"""", ""en"": ""cobalt blue-greenish""}"
4,1,#0B7DC2,110,49,phthalo blue,,"{""ja"":"""", ""en"": ""phthalo blue""}"
4,1,#309CD6,152,50,middle phthalo blue,,"{""ja"":"""", ""en"": ""middle phthalo blue""}"
4,1,#43ACE1,145,51,light phthalo blue,,"{""ja"":"""", ""en"": ""light phthalo blue""}"
4,1,#0077A2,149,52,bluish turquoise,,"{""ja"":"""", ""en"": ""bluish turquoise""}"
4,1,#126495,246,53,Prussian blue,,"{""ja"":"""", ""en"": ""Prussian blue""}"
4,1,#087E90,155,54,helio turquoise,,"{""ja"":"""", ""en"": ""helio turquoise""}"
4,1,#0082A2,153,55,cobalt turquoise,,"{""ja"":"""", ""en"": ""cobalt turquoise""}"
4,1,#66CBDA,154,56,light cobalt turquoise,,"{""ja"":"""", ""en"": ""light cobalt turquoise""}"
4,1,#01BABD,156,57,cobalt green,,"{""ja"":"""", ""en"": ""cobalt green""}"
4,1,#146B60,158,58,deep cobalt green,,"{""ja"":"""", ""en"": ""deep cobalt green""}"
4,1,#0B7764,159,59,Hooker´s green,,"{""ja"":"""", ""en"": ""Hooker´s green""}"
4,1,#009378,264,60,dark phthalo green,,"{""ja"":"""", ""en"": ""dark phthalo green""}"
4,1,#00987F,276,61,chrome oxide green fiery,,"{""ja"":"""", ""en"": ""chrome oxide green fiery""}"
4,1,#00B091,161,62,phthalo green,,"{""ja"":"""", ""en"": ""phthalo green""}"
4,1,#0CB074,163,63,emerald green,,"{""ja"":"""", ""en"": ""emerald green""}"
4,1,#38BB8F,162,64,light phthalo green,,"{""ja"":"""", ""en"": ""light phthalo green""}"
4,1,#A0D185,171,65,light green,,"{""ja"":"""", ""en"": ""light green""}"
4,1,#76C25F,166,66,grass green,,"{""ja"":"""", ""en"": ""grass green""}"
4,1,#49B95C,112,67,leaf green,,"{""ja"":"""", ""en"": ""leaf green""}"
4,1,#278A46,266,68,permanent green,,"{""ja"":"""", ""en"": ""permanent green""}"
4,1,#4C7A4F,167,69,permanent green olive,,"{""ja"":"""", ""en"": ""permanent green olive""}"
4,1,#315C48,267,70,pine green,,"{""ja"":"""", ""en"": ""pine green""}"
4,1,#4A614B,278,71,chrome oxide green,,"{""ja"":"""", ""en"": ""chrome oxide green""}"
4,1,#44694D,165,72,juniper green,,"{""ja"":"""", ""en"": ""juniper green""}"
4,1,#5B5D44,173,73,olive green yellowish,,"{""ja"":"""", ""en"": ""olive green yellowish""}"
4,1,#9FBB56,170,74,may green,,"{""ja"":"""", ""en"": ""may green""}"
4,1,#82A255,168,75,earth green yellowish,,"{""ja"":"""", ""en"": ""earth green yellowish""}"
4,1,#65714F,174,76,chromium green opaque,,"{""ja"":"""", ""en"": ""chromium green opaque""}"
4,1,#738C70,172,77,earth green,,"{""ja"":"""", ""en"": ""earth green""}"
4,1,#9A5D58,169,78,caput mortuum,,"{""ja"":"""", ""en"": ""caput mortuum""}"
4,1,#91474A,192,79,Indian red,,"{""ja"":"""", ""en"": ""Indian red""}"
4,1,#824E51,263,80,caput mortuum violet,,"{""ja"":"""", ""en"": ""caput mortuum violet""}"
4,1,#AA5164,193,81,burnt carmine,,"{""ja"":"""", ""en"": ""burnt carmine""}"
4,1,#F69892,130,82,salmon,,"{""ja"":"""", ""en"": ""salmon""}"
4,1,#F69C99,131,83,coral,,"{""ja"":"""", ""en"": ""coral""}"
4,1,#FBC29F,132,84,beige red,,"{""ja"":"""", ""en"": ""beige red""}"
4,1,#E4A893,189,85,cinnamon,,"{""ja"":"""", ""en"": ""cinnamon""}"
4,1,#E77C83,191,86,Pompeian red,,"{""ja"":"""", ""en"": ""Pompeian red""}"
4,1,#DC7E76,190,87,Venetian red,,"{""ja"":"""", ""en"": ""Venetian red""}"
4,1,#D77255,188,88,sanguine,,"{""ja"":"""", ""en"": ""sanguine""}"
4,1,#D89763,187,89,burnt ochre,,"{""ja"":"""", ""en"": ""burnt ochre""}"
4,1,#EC8E59,186,90,terracotta,,"{""ja"":"""", ""en"": ""terracotta""}"
4,1,#FCBC5F,183,91,light yellow ochre,,"{""ja"":"""", ""en"": ""light yellow ochre""}"
4,1,#F8D25A,185,92,Naples yellow,,"{""ja"":"""", ""en"": ""Naples yellow""}"
4,1,#F5C25B,184,93,dark Naples ochre,,"{""ja"":"""", ""en"": ""dark Naples ochre""}"
4,1,#CA9439,268,94,green gold,,"{""ja"":"""", ""en"": ""green gold""}"
4,1,#C4925D,182,95,brown ochre,,"{""ja"":"""", ""en"": ""brown ochre""}"
4,1,#9A734A,180,96,raw umber,,"{""ja"":"""", ""en"": ""raw umber""}"
4,1,#7C604C,179,97,bistre,,"{""ja"":"""", ""en"": ""bistre""}"
4,1,#6C5954,176,98,Van Dyck brown,,"{""ja"":"""", ""en"": ""Van Dyck brown""}"
4,1,#927C6B,178,99,nougat,,"{""ja"":"""", ""en"": ""nougat""}"
4,1,#685546,280,100,burnt umber,,"{""ja"":"""", ""en"": ""burnt umber""}"
4,1,#895A47,283,101,burnt siena,,"{""ja"":"""", ""en"": ""burnt siena""}"
4,1,#5D4F48,177,102,walnut brown,,"{""ja"":"""", ""en"": ""walnut brown""}"
4,1,#474948,175,103,dark sepia,,"{""ja"":"""", ""en"": ""dark sepia""}"
4,1,#585557,275,104,warm grey VI,,"{""ja"":"""", ""en"": ""warm grey VI""}"
4,1,#626060,274,105,warm grey V,,"{""ja"":"""", ""en"": ""warm grey V""}"
4,1,#7C7E7F,273,106,warm grey IV,,"{""ja"":"""", ""en"": ""warm grey IV""}"
4,1,#A8A59F,272,107,warm grey III,,"{""ja"":"""", ""en"": ""warm grey III""}"
4,1,#C8C1BE,271,108,warm grey II,,"{""ja"":"""", ""en"": ""warm grey II""}"
4,1,#D9D0CE,270,109,warm grey I,,"{""ja"":"""", ""en"": ""warm grey I""}"
4,1,#CAD1D8,230,110,cold grey I,,"{""ja"":"""", ""en"": ""cold grey I""}"
4,1,#BEC4CC,231,111,cold grey II,,"{""ja"":"""", ""en"": ""cold grey II""}"
4,1,#ACB1B8,232,112,cold grey III,,"{""ja"":"""", ""en"": ""cold grey III""}"
4,1,#8E9498,233,113,cold grey IV,,"{""ja"":"""", ""en"": ""cold grey IV""}"
4,1,#6E7176,234,114,cold grey V,,"{""ja"":"""", ""en"": ""cold grey V""}"
4,1,#575758,235,115,cold grey VI,,"{""ja"":"""", ""en"": ""cold grey VI""}"
4,1,#484E55,181,116,Payne's grey,,"{""ja"":"""", ""en"": ""Payne's grey""}"
4,1,#050505,199,117,black,,"{""ja"":"""", ""en"": ""black""}"
4,1,#ABADB0,251,118,silver,,"{""ja"":"""", ""en"": ""silver""}"
4,1,#CDC08D,250,119,gold,,"{""ja"":"""", ""en"": ""gold""}"
4,1,#B09092,252,120,copper,,"{""ja"":"""", ""en"": ""copper""}"
5,,#e2b7cb,OP 011,1,cherry blossom,チェリーブロッサム,"{""ja"":""チェリーブロッサム"", ""en"": ""cherry blossom""}"
5,,#e3c5c0,OP 019,2,shell pink,シェルピンク,"{""ja"":""シェルピンク"", ""en"": ""shell pink""}"
5,,#f38f9e,OP 022,3,pink,ピンク,"{""ja"":""ピンク"", ""en"": ""pink""}"
5,,#f28887,OP 024,4,coral,コーラル,"{""ja"":""コーラル"", ""en"": ""coral""}"
5,,#eb8868,OP 028,5,salmon pink,サーモンピンク,"{""ja"":""サーモンピンク"", ""en"": ""salmon pink""}"
5,,#e25160,OP 031,6,carnation,カーネーション,"{""ja"":""カーネーション"", ""en"": ""carnation""}"
5,,#cd396b,OP 040,7,rose,ローズ,"{""ja"":""ローズ"", ""en"": ""rose""}"
5,,#cd3d49,OP 042,8,carmine,カーマイン,"{""ja"":""カーマイン"", ""en"": ""carmine""}"
5,,#e33b3d,OP 043,9,signal red,シグナルレッド,"{""ja"":""シグナルレッド"", ""en"": ""signal red""}"
5,,#e34231,OP 044,10,scarlet,スカーレット,"{""ja"":""スカーレット"", ""en"": ""scarlet""}"
5,,#f05734,OP 046,11,vermilion,バーミリオン,"{""ja"":""バーミリオン"", ""en"": ""vermilion""}"
5,,#ec6130,OP 047,12,tiger lily,タイガーリリー,"{""ja"":""タイガーリリー"", ""en"": ""tiger lily""}"
5,,#ef6a33,OP 048,13,orange,オレンジ,"{""ja"":""オレンジ"", ""en"": ""orange""}"
5,,#bb2c57,OP 051,14,strawberry,スイトロベリー,"{""ja"":""スイトロベリー"", ""en"": ""strawberry""}"
5,,#d13743,OP 052,15,madder red,マダーレッド,"{""ja"":""マダーレッド"", ""en"": ""madder red""}"
5,,#c93f3c,OP 054,16,light red,ライトレッド,"{""ja"":""ライトレッド"", ""en"": ""light red""}"
5,,#b94834,OP 057,17,burnt sienna,バーントシェンナ,"{""ja"":""バーントシェンナ"", ""en"": ""burnt sienna""}"
5,,#cd6139,OP 059,18,autumn leaf,オータムリーフ,"{""ja"":""オータムリーフ"", ""en"": ""autumn leaf""}"
5,,#91243f,OP 060,19,wine red,ワインレッド,"{""ja"":""ワインレッド"", ""en"": ""wine red""}"
5,,#b13951,OP 062,20,crimson,クリムソン,"{""ja"":""クリムソン"", ""en"": ""crimson""}"
5,,#bc898f,OP 076,21,ash rose,アッシュローズ,"{""ja"":""アッシュローズ"", ""en"": ""ash rose""}"
5,,#642535,OP 080,22,burgundy,バーガンディ,"{""ja"":""バーガンディ"", ""en"": ""burgundy""}"
5,,#4b393b,OP 086,23,chocolate,チョコレート,"{""ja"":""チョコレート"", ""en"": ""chocolate""}"
5,,#a33c42,OP 093,24,mahogany,マホガニー,"{""ja"":""マホガニー"", ""en"": ""mahogany""}"
5,,#bb5953,OP 096,25,cinnamon,シナモン,"{""ja"":""シナモン"", ""en"": ""cinnamon""}"
5,,#a93a2c,OP 097,26,brick,ブリック,"{""ja"":""ブリック"", ""en"": ""brick""}"
5,,#8e3e26,OP 098,27,cocoa,ココア,"{""ja"":""ココア"", ""en"": ""cocoa""}"
5,,#893a22,OP 099,28,brown,ブラウン,"{""ja"":""ブラウン"", ""en"": ""brown""}"
5,,#e9dfc4,OP 116,29,ivory,アイボリ,"{""ja"":""アイボリ"", ""en"": ""ivory""}"
5,,#eab49a,OP 120,30,peach,ピーチ,"{""ja"":""ピーチ"", ""en"": ""peach""}"
5,,#edc39e,OP 122,31,jaune brillant,ジョーンブリヤン,"{""ja"":""ジョーンブリヤン"", ""en"": ""jaune brillant""}"
5,,#eace93,OP 123,32,flesh,フレッシュ,"{""ja"":""フレッシュ"", ""en"": ""flesh""}"
5,,#e5d36c,OP 127,33,cream,クリーム,"{""ja"":""クリーム"", ""en"": ""cream""}"
5,,#f2a659,OP 131,34,apricot,アプリコット,"{""ja"":""アプリコット"", ""en"": ""apricot""}"
5,,#f5cf6c,OP 134,35,naples yellow,ネイプルスイエロー,"{""ja"":""ネイプルスイエロー"", ""en"": ""naples yellow""}"
5,,#f29033,OP 140,36,tangerine,タンジェリン,"{""ja"":""タンジェリン"", ""en"": ""tangerine""}"
5,,#f4ac32,OP 142,37,marigold,マリゴールド,"{""ja"":""マリゴールド"", ""en"": ""marigold""}"
5,,#f4c935,OP 143,38,sunflower,サンフラワー,"{""ja"":""サンフラワー"", ""en"": ""sunflower""}"
5,,#ead24f,OP 145,39,dandelion,ダンディライオン,"{""ja"":""ダンディライオン"", ""en"": ""dandelion""}"
5,,#f2d938,OP 147,40,canary yellow,カナリーイエロー,"{""ja"":""カナリーイエロー"", ""en"": ""canary yellow""}"
5,,#efde70,OP 149,41,lemon,レモン,"{""ja"":""レモン"", ""en"": ""lemon""}"
5,,#d69739,OP 153,42,yellow ochre,イエローオーカー,"{""ja"":""イエローオーカー"", ""en"": ""yellow ochre""}"
5,,#d7b835,OP 165,43,mustard,マスタード,"{""ja"":""マスタード"", ""en"": ""mustard""}"
5,,#cca18c,OP 171,44,cork,コルク,"{""ja"":""コルク"", ""en"": ""cork""}"
5,,#c3aa8d,OP 173,45,beige,ベージュ,"{""ja"":""ベージュ"", ""en"": ""beige""}"
5,,#cbbc8d,OP 175,46,sand,サンド,"{""ja"":""サンド"", ""en"": ""sand""}"
5,,#3e3030,OP 180,47,burnt umber,バーントアンバー,"{""ja"":""バーントアンバー"", ""en"": ""burnt umber""}"
5,,#403734,OP 182,48,sepia,セピア,"{""ja"":""セピア"", ""en"": ""sepia""}"
5,,#7f6140,OP 184,49,raw umber,ローアンバー,"{""ja"":""ローアンバー"", ""en"": ""raw umber""}"
5,,#4c4a38,OP 187,50,olive drab,オリーブドラブ,"{""ja"":""オリーブドラブ"", ""en"": ""olive drab""}"
5,,#435126,OP 189,51,olive green,オリーブグリーン,"{""ja"":""オリーブグリーン"", ""en"": ""olive green""}"
5,,#a56533,OP 192,52,tan,タン,"{""ja"":""タン"", ""en"": ""tan""}"
5,,#ac853f,OP 194,53,kahki,カーキ,"{""ja"":""カーキ"", ""en"": ""kahki""}"
5,,#8f7636,OP 195,54,olive brown,オリーブブラウン,"{""ja"":""オリーブブラウン"", ""en"": ""olive brown""}"
5,,#a09e3f,OP 198,55,olive yellow,オリーブイエロー,"{""ja"":""オリーブイエロー"", ""en"": ""olive yellow""}"
5,,#b2d782,OP 222,56,lettuce green,レタスグリーン,"{""ja"":""レタスグリーン"", ""en"": ""lettuce green""}"
5,,#83c9a0,OP 225,57,cobalt green,コバルトグリーン,"{""ja"":""コバルトグリーン"", ""en"": ""cobalt green""}"
5,,#66c2aa,OP 227,58,jade green,ジェードグリーン,"{""ja"":""ジェードグリーン"", ""en"": ""jade green""}"
5,,#8cceca,OP 228,59,ice green,アイスグリーン,"{""ja"":""アイスグリーン"", ""en"": ""ice green""}"
5,,#5ebe87,OP 235,60,emerald green,エメラルドグリーン,"{""ja"":""エメラルドグリーン"", ""en"": ""emerald green""}"
5,,#e1e36f,OP 240,61,chartreuse green,シャルトルーズグリーン,"{""ja"":""シャルトルーズグリーン"", ""en"": ""chartreuse green""}"
5,,#bfdc6b,OP 242,62,spring green,スプリンググリーン,"{""ja"":""スプリンググリーン"", ""en"": ""spring green""}"
5,,#97cd68,OP 243,63,fresh green,フレッシュグリーン,"{""ja"":""フレッシュグリーン"", ""en"": ""fresh green""}"
5,,#3bab6e,OP 245,64,summer green,サマーグリーン,"{""ja"":""サマーグリーン"", ""en"": ""summer green""}"
5,,#1e688c,OP 247,65,viridian,ビリジャン,"{""ja"":""ビリジャン"", ""en"": ""viridian""}"
5,,#1f6a8e,OP 248,66,peacock green,ピーコックグリーン,"{""ja"":""ピーコックグリーン"", ""en"": ""peacock green""}"
5,,#aaca3e,OP 251,67,apple green,アップルグリーン,"{""ja"":""アップルグリーン"", ""en"": ""apple green""}"
5,,#659f43,OP 254,68,ever green,エバーグリーン,"{""ja"":""エバーグリーン"", ""en"": ""ever green""}"
5,,#2d7648,OP 255,69,malachite green,マラカイトグリーン,"{""ja"":""マラカイトグリーン"", ""en"": ""malachite green""}"
5,,#2d7648,OP 262,70,sap green,サップグリーン,"{""ja"":""サップグリーン"", ""en"": ""sap green""}"
5,,#39793f,OP 264,71,holly green,ホリーグリーン,"{""ja"":""ホリーグリーン"", ""en"": ""holly green""}"
5,,#1b5347,OP 267,72,forest green,フォレストグリーン,"{""ja"":""フォレストグリーン"", ""en"": ""forest green""}"
5,,#1e7273,OP 269,73,triton green,トリトングリーン,"{""ja"":""トリトングリーン"", ""en"": ""triton green""}"
5,,#b2b182,OP 270,74,willow green,ウィローグリーン,"{""ja"":""ウィローグリーン"", ""en"": ""willow green""}"
5,,#b5ce8c,OP 271,75,opal green,オパールグリーン,"{""ja"":""オパールグリーン"", ""en"": ""opal green""}"
5,,#98ba8a,OP 272,76,misty green,ミスティグリーン,"{""ja"":""ミスティグリーン"", ""en"": ""misty green""}"
5,,#81b785,OP 274,77,mint green,ミントグリーン,"{""ja"":""ミントグリーン"", ""en"": ""mint green""}"
5,,#6eaf8b,OP 275,78,surf green,サーフグリーン,"{""ja"":""サーフグリーン"", ""en"": ""surf green""}"
5,,#66ad97,OP 277,79,celadon,セラドン,"{""ja"":""セラドン"", ""en"": ""celadon""}"
5,,#183831,OP 288,80,fir green,ファーグリーン,"{""ja"":""ファーグリーン"", ""en"": ""fir green""}"
5,,#74883d,OP 290,81,moss green,モスグリーン,"{""ja"":""モスグリーン"", ""en"": ""moss green""}"
5,,#7ca541,OP 291,82,leaf green,リーフグリーン,"{""ja"":""リーフグリーン"", ""en"": ""leaf green""}"
5,,#547c40,OP 292,83,cactus green,カクタスグリーン,"{""ja"":""カクタスグリーン"", ""en"": ""cactus green""}"
5,,#33643a,OP 294,84,jasper green,ジャスパーグリーン,"{""ja"":""ジャスパーグリーン"", ""en"": ""jasper green""}"
5,,#1a543e,OP 296,85,bottle green,ボトルグリーン,"{""ja"":""ボトルグリーン"", ""en"": ""bottle green""}"
5,,#a6d2dd,OP 312,86,horizon blue,ホリゾンブルー,"{""ja"":""ホリゾンブルー"", ""en"": ""horizon blue""}"
5,,#44c2d7,OP 321,87,porcelain blue,ポースリンブルー,"{""ja"":""ポースリンブルー"", ""en"": ""porcelain blue""}"
5,,#51afe4,OP 323,88,aqua,アクア,"{""ja"":""アクア"", ""en"": ""aqua""}"
5,,#63abe4,OP 324,89,sky blue,スカイブルー,"{""ja"":""スカイブルー"", ""en"": ""sky blue""}"
5,,#7db1e3,OP 326,90,forget-me-not blue,フォゲットミーノットブルー,"{""ja"":""フォゲットミーノットブルー"", ""en"": ""forget-me-not blue""}"
5,,#83a2d5,OP 328,91,lavender blue,ラベンダーブルー,"{""ja"":""ラベンダーブルー"", ""en"": ""lavender blue""}"
5,,#2d70be,OP 335,92,cerulean blue,セルリアンブルー,"{""ja"":""セルリアンブルー"", ""en"": ""cerulean blue""}"
5,,#6880bf,OP 339,93,smalt blue,スマルトブルー,"{""ja"":""スマルトブルー"", ""en"": ""smalt blue""}"
5,,#236ea7,OP 340,94,peacock blue,ピーコックブルー,"{""ja"":""ピーコックブルー"", ""en"": ""peacock blue""}"
5,,#2360ad,OP 343,95,turquoise blue,ターコイズブルー,"{""ja"":""ターコイズブルー"", ""en"": ""turquoise blue""}"
5,,#235fac,OP 345,96,spectrum blue,スペクトラムブルー,"{""ja"":""スペクトラムブルー"", ""en"": ""spectrum blue""}"
5,,#2358a9,OP 347,97,cobalt blue,コバルトブルー,"{""ja"":""コバルトブルー"", ""en"": ""cobalt blue""}"
5,,#2153a5,OP 348,98,royal blue,ロイヤルブルー,"{""ja"":""ロイヤルブルー"", ""en"": ""royal blue""}"
5,,#2458a9,OP 349,99,ultra blue,ウルトラブルー,"{""ja"":""ウルトラブルー"", ""en"": ""ultra blue""}"
5,,#1d4b7f,OP 365,100,navy blue,ネイビーブルー,"{""ja"":""ネイビーブルー"", ""en"": ""navy blue""}"
5,,#254383,OP 368,101,purussian blue,プルシャンブルー,"{""ja"":""プルシャンブルー"", ""en"": ""purussian blue""}"
5,,#639ea7,OP 371,102,sky mist,スカイミスト,"{""ja"":""スカイミスト"", ""en"": ""sky mist""}"
5,,#8094b7,OP 379,103,smoke blue,スモークブルー,"{""ja"":""スモークブルー"", ""en"": ""smoke blue""}"
5,,#61a3d3,OP 395,104,saxe blue,サックスブルー,"{""ja"":""サックスブルー"", ""en"": ""saxe blue""}"
5,,#a09acd,OP 422,105,lilac,ライラック,"{""ja"":""ライラック"", ""en"": ""lilac""}"
5,,#e686b4,OP 429,106,rose pink,ローズピンク,"{""ja"":""ローズピンク"", ""en"": ""rose pink""}"
5,,#7a75b8,OP 430,107,wisteria,ウィステリア,"{""ja"":""ウィステリア"", ""en"": ""wisteria""}"
5,,#af85be,OP 434,108,mauve,モーブ,"{""ja"":""モーブ"", ""en"": ""mauve""}"
5,,#b886bc,OP 436,109,fuchsia,フクシア,"{""ja"":""フクシア"", ""en"": ""fuchsia""}"
5,,#d36eab,OP 437,110,cosmos,コスモス,"{""ja"":""コスモス"", ""en"": ""cosmos""}"
5,,#2d4198,OP 440,111,pansy,パンジー,"{""ja"":""パンジー"", ""en"": ""pansy""}"
5,,#383d95,OP 441,112,violet,バイオレット,"{""ja"":""バイオレット"", ""en"": ""violet""}"
5,,#54307d,OP 443,113,iris,アイリス,"{""ja"":""アイリス"", ""en"": ""iris""}"
5,,#8f398f,OP 446,114,amethyst,アメジスト,"{""ja"":""アメジスト"", ""en"": ""amethyst""}"
5,,#b83995,OP 448,115,azalea,アゼリア,"{""ja"":""アゼリア"", ""en"": ""azalea""}"
5,,#b8307d,OP 449,116,magenta,マゼンタ,"{""ja"":""マゼンタ"", ""en"": ""magenta""}"
5,,#1f2946,OP 460,117,indigo,インジゴ,"{""ja"":""インジゴ"", ""en"": ""indigo""}"
5,,#942455,OP 469,118,bordeaux red,ボルドーレッド,"{""ja"":""ボルドーレッド"", ""en"": ""bordeaux red""}"
5,,#9d7fa8,OP 476,119,sea fog,シーフォッグ,"{""ja"":""シーフォッグ"", ""en"": ""sea fog""}"
5,,#2a2d51,OP 481,120,grape,グレープ,"{""ja"":""グレープ"", ""en"": ""grape""}"
5,,#321e41,OP 486,121,raisin,レイズン,"{""ja"":""レイズン"", ""en"": ""raisin""}"
5,,#9b65a9,OP 495,122,rose grey,ローズグレイ,"{""ja"":""ローズグレイ"", ""en"": ""rose grey""}"
5,,#ffffff,OP 500,123,white,ホワイト,"{""ja"":""ホワイト"", ""en"": ""white""}"
5,,#e8eaef,OP 501,124,soft white,ソフトホワイト,"{""ja"":""ソフトホワイト"", ""en"": ""soft white""}"
5,,#040a11,OP 510,125,black,ブラック,"{""ja"":""ブラック"", ""en"": ""black""}"
5,,#1e2226,OP 511,126,lamp black,ランプブラック,"{""ja"":""ランプブラック"", ""en"": ""lamp black""}"
5,,#d3d3d2,OP 521,127,warm grey #1,ウォームグレイ#1,"{""ja"":""ウォームグレイ#1"", ""en"": ""warm grey #1""}"
5,,#b7b5b0,OP 522,128,warm grey #2,ウォームグレイ#2,"{""ja"":""ウォームグレイ#2"", ""en"": ""warm grey #2""}"
5,,#9c9894,OP 523,129,warm grey #3,ウォームグレイ#3,"{""ja"":""ウォームグレイ#3"", ""en"": ""warm grey #3""}"
5,,#73716c,OP 524,130,warm grey #4,ウォームグレイ#4,"{""ja"":""ウォームグレイ#4"", ""en"": ""warm grey #4""}"
5,,#55514e,OP 525,131,warm grey #5,ウォームグレイ#5,"{""ja"":""ウォームグレイ#5"", ""en"": ""warm grey #5""}"
5,,#333434,OP 526,132,warm grey #6,ウォームグレイ#6,"{""ja"":""ウォームグレイ#6"", ""en"": ""warm grey #6""}"
5,,#d2d5da,OP 531,133,cool grey #1,クールグレイ#1,"{""ja"":""クールグレイ#1"", ""en"": ""cool grey #1""}"
5,,#a9b0bb,OP 532,134,cool grey #2,クールグレイ#2,"{""ja"":""クールグレイ#2"", ""en"": ""cool grey #2""}"
5,,#828d9d,OP 533,135,cool grey #3,クールグレイ#3,"{""ja"":""クールグレイ#3"", ""en"": ""cool grey #3""}"
5,,#5f6a7a,OP 534,136,cool grey #4,クールグレイ#4,"{""ja"":""クールグレイ#4"", ""en"": ""cool grey #4""}"
5,,#616c7c,OP 535,137,cool grey #5,クールグレイ#5,"{""ja"":""クールグレイ#5"", ""en"": ""cool grey #5""}"
5,,#303647,OP 536,138,cool grey #6,クールグレイ#6,"{""ja"":""クールグレイ#6"", ""en"": ""cool grey #6""}"
5,,#745f48,OP 600,139,gold,ゴールド,"{""ja"":""ゴールド"", ""en"": ""gold""}"
5,,#574f36,OP 610,140,pale gold,ペールゴールド,"{""ja"":""ペールゴールド"", ""en"": ""pale gold""}"
5,,#5d5e59,OP 620,141,bronze,ブロンズ,"{""ja"":""ブロンズ"", ""en"": ""bronze""}"
5,,#785852,OP 630,142,copper,コパー,"{""ja"":""コパー"", ""en"": ""copper""}"
5,,#6e7c8d,OP 640,143,silver,シルバー,"{""ja"":""シルバー"", ""en"": ""silver""}"
5,,#676f7b,OP 650,144,antique silver,アンティークシルバー,"{""ja"":""アンティークシルバー"", ""en"": ""antique silver""}"
5,,#f36a94,OP 700,145,luminous red,ルミナスレッド,"{""ja"":""ルミナスレッド"", ""en"": ""luminous red""}"
5,,#ae60a5,OP 710,146,luminous rose,ルミナスローズ,"{""ja"":""ルミナスローズ"", ""en"": ""luminous rose""}"
5,,#c068a7,OP 720,147,luminous opera,ルミナスオペラ,"{""ja"":""ルミナスオペラ"", ""en"": ""luminous opera""}"
5,,#f0975a,OP 730,148,luminous orange,ルミナスオレンジ,"{""ja"":""ルミナスオレンジ"", ""en"": ""luminous orange""}"
5,,#efef92,OP 740,149,luminous lemon,ルミナスレモン,"{""ja"":""ルミナスレモン"", ""en"": ""luminous lemon""}"
5,,#a8d386,OP 750,150,luminous green,ルミナスグリーン,"{""ja"":""ルミナスグリーン"", ""en"": ""luminous green""}"
12352984,50327955,,43,1,brownish orange,,"{""ja"":"""", ""en"": ""brownish orange""}"
12352984,50327955,,67,2,mahogany,,"{""ja"":"""", ""en"": ""mahogany""}"
12352984,50327955,,85,3,bordeaux red,,"{""ja"":"""", ""en"": ""bordeaux red""}"
12352984,50327955,,75,4,Indian red,,"{""ja"":"""", ""en"": ""Indian red""}"
12352984,50327955,,89,5,dark carmine,,"{""ja"":"""", ""en"": ""dark carmine""}"
12352984,50327955,,80,6,carmine,,"{""ja"":"""", ""en"": ""carmine""}"
12352984,50327955,,280,7,ruby red,,"{""ja"":"""", ""en"": ""ruby red""}"
12352984,50327955,,270,8,raspberry red,,"{""ja"":"""", ""en"": ""raspberry red""}"
12352984,50327955,,81,9,pink,,"{""ja"":"""", ""en"": ""pink""}"
12352984,50327955,,82,10,rose pink,,"{""ja"":"""", ""en"": ""rose pink""}"
12352984,50327955,,71,11,salmon pink,,"{""ja"":"""", ""en"": ""salmon pink""}"
12352984,50327955,,51,12,salmon,,"{""ja"":"""", ""en"": ""salmon""}"
12352984,50327955,,41,13,apricot,,"{""ja"":"""", ""en"": ""apricot""}"
12352984,50327955,,493,14,granite rose,,"{""ja"":"""", ""en"": ""granite rose""}"
12352984,50327955,,91,15,light purple,,"{""ja"":"""", ""en"": ""light purple""}"
12352984,50327955,,350,16,purplish red,,"{""ja"":"""", ""en"": ""purplish red""}"
12352984,50327955,,90,17,purple,,"{""ja"":"""", ""en"": ""purple""}"
12352984,50327955,,100,18,purple violet,,"{""ja"":"""", ""en"": ""purple violet""}"
12352984,50327955,,110,19,lilac,,"{""ja"":"""", ""en"": ""lilac""}"
12352984,50327955,,99,20,aubergine,,"{""ja"":"""", ""en"": ""aubergine""}"
12352984,50327955,,111,21,mauve,,"{""ja"":"""", ""en"": ""mauve""}"
12352984,50327955,,131,22,periwinkle blue,,"{""ja"":"""", ""en"": ""periwinkle blue""}"
12352984,50327955,,130,23,royal blue,,"{""ja"":"""", ""en"": ""royal blue""}"
12352984,50327955,,120,24,violet,,"{""ja"":"""", ""en"": ""violet""}"
12352984,50327955,,139,25,indigo blue,,"{""ja"":"""", ""en"": ""indigo blue""}"
12352984,50327955,,159,26,Prussian blue,,"{""ja"":"""", ""en"": ""Prussian blue""}"
12352984,50327955,,140,27,ultramarine,,"{""ja"":"""", ""en"": ""ultramarine""}"
12352984,50327955,,149,28,night blue,,"{""ja"":"""", ""en"": ""night blue""}"
12352984,50327955,,150,29,sapphire blue,,"{""ja"":"""", ""en"": ""sapphire blue""}"
12352984,50327955,,260,30,blue,,"{""ja"":"""", ""en"": ""blue""}"
12352984,50327955,,169,31,marine blue,,"{""ja"":"""", ""en"": ""marine blue""}"
12352984,50327955,,145,32,bluish grey,,"{""ja"":"""", ""en"": ""bluish grey""}"
12352984,50327955,,370,33,gentian blue,,"{""ja"":"""", ""en"": ""gentian blue""}"
12352984,50327955,,141,34,sky blue,,"{""ja"":"""", ""en"": ""sky blue""}"
12352984,50327955,,155,35,blue jeans,,"{""ja"":"""", ""en"": ""blue jeans""}"
12352984,50327955,,151,36,pastel blue,,"{""ja"":"""", ""en"": ""pastel blue""}"
12352984,50327955,,161,37,light blue,,"{""ja"":"""", ""en"": ""light blue""}"
12352984,50327955,,171,38,turquoise blue,,"{""ja"":"""", ""en"": ""turquoise blue""}"
12352984,50327955,,181,39,light malachite green,,"{""ja"":"""", ""en"": ""light malachite green""}"
12352984,50327955,,191,40,turquoise green,,"{""ja"":"""", ""en"": ""turquoise green""}"
12352984,50327955,,11,41,pale yellow,,"{""ja"":"""", ""en"": ""pale yellow""}"
12352984,50327955,,250,42,canary yellow,,"{""ja"":"""", ""en"": ""canary yellow""}"
12352984,50327955,,240,43,lemon yellow,,"{""ja"":"""", ""en"": ""lemon yellow""}"
12352984,50327955,,21,44,naples yellow,,"{""ja"":"""", ""en"": ""naples yellow""}"
12352984,50327955,,10,45,yellow,,"{""ja"":"""", ""en"": ""yellow""}"
12352984,50327955,,20,46,golden yellow,,"{""ja"":"""", ""en"": ""golden yellow""}"
12352984,50327955,,300,47,fast orange,,"{""ja"":"""", ""en"": ""fast orange""}"
12352984,50327955,,30,48,orange,,"{""ja"":"""", ""en"": ""orange""}"
12352984,50327955,,40,49,reddish orange,,"{""ja"":"""", ""en"": ""reddish orange""}"
12352984,50327955,,50,50,flame red,,"{""ja"":"""", ""en"": ""flame red""}"
12352984,50327955,,60,51,vermilion,,"{""ja"":"""", ""en"": ""vermilion""}"
12352984,50327955,,70,52,scarlet,,"{""ja"":"""", ""en"": ""scarlet""}"
12352984,50327955,,69,53,burnt sienna,,"{""ja"":"""", ""en"": ""burnt sienna""}"
12352984,50327955,,59,54,brown,,"{""ja"":"""", ""en"": ""brown""}"
12352984,50327955,,65,55,russet,,"{""ja"":"""", ""en"": ""russet""}"
12352984,50327955,,63,56,English red,,"{""ja"":"""", ""en"": ""English red""}"
12352984,50327955,,62,57,Venetian red,,"{""ja"":"""", ""en"": ""Venetian red""}"
12352984,50327955,,53,58,hazel,,"{""ja"":"""", ""en"": ""hazel""}"
12352984,50327955,,57,59,chestnut,,"{""ja"":"""", ""en"": ""chestnut""}"
12352984,50327955,,55,60,cinnamon,,"{""ja"":"""", ""en"": ""cinnamon""}"
12352984,50327955,,37,61,brown ochre,,"{""ja"":"""", ""en"": ""brown ochre""}"
12352984,50327955,,35,62,ochre,,"{""ja"":"""", ""en"": ""ochre""}"
12352984,50327955,,33,63,golden ochre,,"{""ja"":"""", ""en"": ""golden ochre""}"
12352984,50327955,,32,64,light ochre,,"{""ja"":"""", ""en"": ""light ochre""}"
12352984,50327955,,31,65,orangish yellow,,"{""ja"":"""", ""en"": ""orangish yellow""}"
12352984,50327955,,491,66,cream,,"{""ja"":"""", ""en"": ""cream""}"
12352984,50327955,,371,67,bluish pale,,"{""ja"":"""", ""en"": ""bluish pale""}"
12352984,50327955,,2,68,silver grey,,"{""ja"":"""", ""en"": ""silver grey""}"
12352984,50327955,,3,69,light grey,,"{""ja"":"""", ""en"": ""light grey""}"
12352984,50327955,,4,70,steel grey,,"{""ja"":"""", ""en"": ""steel grey""}"
12352984,50327955,,6,71,mouse grey,,"{""ja"":"""", ""en"": ""mouse grey""}"
12352984,50327955,,5,72,grey,,"{""ja"":"""", ""en"": ""grey""}"
12352984,50327955,,7,73,dark grey,,"{""ja"":"""", ""en"": ""dark grey""}"
12352984,50327955,,8,74,greyish black,,"{""ja"":"""", ""en"": ""greyish black""}"
12352984,50327955,,495,75,slate grey,,"{""ja"":"""", ""en"": ""slate grey""}"
12352984,50327955,,496,76,ivory black,,"{""ja"":"""", ""en"": ""ivory black""}"
12352984,50327955,,409,77,charcoal grey,,"{""ja"":"""", ""en"": ""charcoal grey""}"
12352984,50327955,,407,78,sepia,,"{""ja"":"""", ""en"": ""sepia""}"
12352984,50327955,,47,79,bistre,,"{""ja"":"""", ""en"": ""bistre""}"
12352984,50327955,,405,80,cocoa,,"{""ja"":"""", ""en"": ""cocoa""}"
12352984,50327955,,160,81,cobalt blue,,"{""ja"":"""", ""en"": ""cobalt blue""}"
12352984,50327955,,170,82,azurite blue,,"{""ja"":"""", ""en"": ""azurite blue""}"
12352984,50327955,,180,83,malachite green,,"{""ja"":"""", ""en"": ""malachite green""}"
12352984,50327955,,190,84,greenish blue,,"{""ja"":"""", ""en"": ""greenish blue""}"
12352984,50327955,,195,85,opaline green,,"{""ja"":"""", ""en"": ""opaline green""}"
12352984,50327955,,211,86,jade green,,"{""ja"":"""", ""en"": ""jade green""}"
12352984,50327955,,215,87,greyish green,,"{""ja"":"""", ""en"": ""greyish green""}"
12352984,50327955,,201,88,Veronese green,,"{""ja"":"""", ""en"": ""Veronese green""}"
12352984,50327955,,460,89,peacock green,,"{""ja"":"""", ""en"": ""peacock green""}"
12352984,50327955,,290,90,empire green,,"{""ja"":"""", ""en"": ""empire green""}"
12352984,50327955,,200,91,bluish green,,"{""ja"":"""", ""en"": ""bluish green""}"
12352984,50327955,,229,92,dark green,,"{""ja"":"""", ""en"": ""dark green""}"
12352984,50327955,,239,93,spruce green,,"{""ja"":"""", ""en"": ""spruce green""}"
12352984,50327955,,210,94,emerald green,,"{""ja"":"""", ""en"": ""emerald green""}"
12352984,50327955,,220,95,grass green,,"{""ja"":"""", ""en"": ""grass green""}"
12352984,50327955,,230,96,yellow green,,"{""ja"":"""", ""en"": ""yellow green""}"
12352984,50327955,,470,97,spring green,,"{""ja"":"""", ""en"": ""spring green""}"
12352984,50327955,,231,98,lime green,,"{""ja"":"""", ""en"": ""lime green""}"
12352984,50327955,,221,99,light green,,"{""ja"":"""", ""en"": ""light green""}"
12352984,50327955,,241,100,light lemon yellow,,"{""ja"":"""", ""en"": ""light lemon yellow""}"
12352984,50327955,,15,101,olive yellow,,"{""ja"":"""", ""en"": ""olive yellow""}"
12352984,50327955,,16,102,khaki green,,"{""ja"":"""", ""en"": ""khaki green""}"
12352984,50327955,,245,103,light olive,,"{""ja"":"""", ""en"": ""light olive""}"
12352984,50327955,,225,104,moss green,,"{""ja"":"""", ""en"": ""moss green""}"
12352984,50327955,,18,105,olive grey,,"{""ja"":"""", ""en"": ""olive grey""}"
12352984,50327955,,249,106,olive,,"{""ja"":"""", ""en"": ""olive""}"
12352984,50327955,,39,107,olive brown,,"{""ja"":"""", ""en"": ""olive brown""}"
12352984,50327955,,19,108,olive black,,"{""ja"":"""", ""en"": ""olive black""}"
12352984,50327955,,49,109,raw umber,,"{""ja"":"""", ""en"": ""raw umber""}"
12352984,50327955,,45,110,Vandycke brown,,"{""ja"":"""", ""en"": ""Vandycke brown""}"
12352984,50327955,,404,111,brownish beige,,"{""ja"":"""", ""en"": ""brownish beige""}"
12352984,50327955,,403,112,beige,,"{""ja"":"""", ""en"": ""beige""}"
12352984,50327955,,401,113,ash grey,,"{""ja"":"""", ""en"": ""ash grey""}"
12352984,50327955,,402,114,light beige,,"{""ja"":"""", ""en"": ""light beige""}"
12352984,50327955,,25,115,green ochre,,"{""ja"":"""", ""en"": ""green ochre""}"
12352984,50327955,,499,116,gold,,"{""ja"":"""", ""en"": ""gold""}"
12352984,50327955,,497,117,bronze,,"{""ja"":"""", ""en"": ""bronze""}"
12352984,50327955,,498,118,silver,,"{""ja"":"""", ""en"": ""silver""}"
12352984,50327955,,1,119,white,,"{""ja"":"""", ""en"": ""white""}"
12352984,50327955,,9,120,black,,"{""ja"":"""", ""en"": ""black""}"